{
  "index.html": 1761057939404,
  "model/models.js": 1761057939408,
  "controller/ListView.controller.js": 1761131220340,
  "controller/App.controller.js": 1761057939408,
  "manifest.json": 1761131158509,
  "Component.js": 1761057939400,
  "Component-dbg.js": 1761057939400,
  "Component.js.map": 1761294072864,
  "controller/ListView-dbg.controller.js": 1761131220340,
  "controller/ListView.controller.js.map": 1761294072889,
  "controller/App-dbg.controller.js": 1761057939408,
  "controller/App.controller.js.map": 1761294072890,
  "model/models-dbg.js": 1761057939408,
  "model/models.js.map": 1761294072844,
  "Component-preload.js": 1761294073027,
  "Component-preload.js.map": 1761294073027,
  "view/ListView.view.xml": 1761131134457,
  "view/App.view.xml": 1761139315303,
  "css/style.css": 1761057939412,
  "i18n/i18n.properties": 1761057939404
}